Sequence ID,Enzyme,Resistance Level,Mutations Found
YCJ70003.1,Integrase,Sensitive (Wild-Type),None
YCJ70001.1,Integrase,Sensitive (Wild-Type),None
YCJ69999.1,Integrase,Sensitive (Wild-Type),None
YBU56878.1,Integrase,Sensitive (Wild-Type),None
YBU56855.1,Integrase,Sensitive (Wild-Type),None
QOQ51518.1,Integrase,Sensitive (Wild-Type),None
QOQ51517.1,Integrase,Sensitive (Wild-Type),None
QOQ51516.1,Integrase,Sensitive (Wild-Type),None
QOQ51515.1,Integrase,Sensitive (Wild-Type),None
QOQ51514.1,Integrase,Sensitive (Wild-Type),None
QOQ51513.1,Integrase,Sensitive (Wild-Type),None
QOQ51506.1,Integrase,Sensitive (Wild-Type),None
QOQ51505.1,Integrase,Sensitive (Wild-Type),None
QOQ51504.1,Integrase,Sensitive (Wild-Type),None
QOQ51503.1,Integrase,Sensitive (Wild-Type),None
QOQ51502.1,Integrase,Sensitive (Wild-Type),None
QOQ51501.1,Integrase,Sensitive (Wild-Type),None
QOQ51500.1,Integrase,Sensitive (Wild-Type),None
QOQ51499.1,Integrase,Sensitive (Wild-Type),None
QOQ51498.1,Integrase,Sensitive (Wild-Type),None
QOQ51497.1,Integrase,Sensitive (Wild-Type),None
QOQ51496.1,Integrase,Sensitive (Wild-Type),None
ABU88872.1,Integrase,Sensitive (Wild-Type),None
ABU88871.1,Integrase,Sensitive (Wild-Type),None
ABU88870.1,Integrase,Sensitive (Wild-Type),None
ABU88869.1,Integrase,Sensitive (Wild-Type),None
ABU88868.1,Integrase,Sensitive (Wild-Type),None
ABU88867.1,Integrase,Sensitive (Wild-Type),None
ABU88866.1,Integrase,Sensitive (Wild-Type),None
ABU88865.1,Integrase,Sensitive (Wild-Type),None
ABU88864.1,Integrase,Sensitive (Wild-Type),None
ABU88863.1,Integrase,Sensitive (Wild-Type),None
ABU88862.1,Integrase,Sensitive (Wild-Type),None
QGV16586.1,Integrase,Sensitive (Wild-Type),None
QGV16576.1,Integrase,Sensitive (Wild-Type),None
QGV16574.1,Integrase,Sensitive (Wild-Type),None
QGV16572.1,Integrase,Sensitive (Wild-Type),None
QGV16571.1,Integrase,Sensitive (Wild-Type),None
QGV16570.1,Integrase,Sensitive (Wild-Type),None
QGV16569.1,Integrase,Sensitive (Wild-Type),None
QGV16568.1,Integrase,Sensitive (Wild-Type),None
QGV16567.1,Integrase,Sensitive (Wild-Type),None
QGV16566.1,Integrase,Sensitive (Wild-Type),None
QGV16565.1,Integrase,Sensitive (Wild-Type),None
QGV16564.1,Integrase,Sensitive (Wild-Type),None
QGV16563.1,Integrase,Sensitive (Wild-Type),None
QGV16562.1,Integrase,Sensitive (Wild-Type),None
QGV16561.1,Integrase,Sensitive (Wild-Type),None
QGV16560.1,Integrase,Sensitive (Wild-Type),None
QGV16559.1,Integrase,Sensitive (Wild-Type),None
QGV16558.1,Integrase,Sensitive (Wild-Type),None
QGV16557.1,Integrase,Sensitive (Wild-Type),None
QGV16556.1,Integrase,Sensitive (Wild-Type),None
QGV16555.1,Integrase,Sensitive (Wild-Type),None
QGV16554.1,Integrase,Sensitive (Wild-Type),None
QGV16553.1,Integrase,Sensitive (Wild-Type),None
QGV16552.1,Integrase,Sensitive (Wild-Type),None
QGV16551.1,Integrase,Sensitive (Wild-Type),None
QGV16550.1,Integrase,Sensitive (Wild-Type),None
QGV16549.1,Integrase,Sensitive (Wild-Type),None
QGV16548.1,Integrase,Sensitive (Wild-Type),None
QGV16547.1,Integrase,Sensitive (Wild-Type),None
QGV16546.1,Integrase,Sensitive (Wild-Type),None
QGV16545.1,Integrase,Sensitive (Wild-Type),None
QGV16543.1,Integrase,Sensitive (Wild-Type),None
QGV16542.1,Integrase,Sensitive (Wild-Type),None
QGV16541.1,Integrase,Sensitive (Wild-Type),None
QGV16536.1,Integrase,Sensitive (Wild-Type),None
QGV16502.1,Integrase,Sensitive (Wild-Type),None
AXR70244.1,Integrase,Sensitive (Wild-Type),None
AXR70243.1,Integrase,Sensitive (Wild-Type),None
AXR70241.1,Integrase,Sensitive (Wild-Type),None
AXR70237.1,Integrase,Sensitive (Wild-Type),None
AUY61925.1,Integrase,Sensitive (Wild-Type),None
ASY08082.1,Integrase,Sensitive (Wild-Type),None
ASY08081.1,Integrase,Sensitive (Wild-Type),None
ASY08080.1,Integrase,Sensitive (Wild-Type),None
ASY08079.1,Integrase,Sensitive (Wild-Type),None
ASY08078.1,Integrase,Sensitive (Wild-Type),None
ASY08077.1,Integrase,Sensitive (Wild-Type),None
ASY08076.1,Integrase,Sensitive (Wild-Type),None
ASY08075.1,Integrase,Sensitive (Wild-Type),None
ASY08074.1,Integrase,Sensitive (Wild-Type),None
ASY08073.1,Integrase,Sensitive (Wild-Type),None
ASY08072.1,Integrase,Sensitive (Wild-Type),None
ASY08071.1,Integrase,Sensitive (Wild-Type),None
ASY08070.1,Integrase,Sensitive (Wild-Type),None
ASY08069.1,Integrase,Sensitive (Wild-Type),None
ASY08068.1,Integrase,Sensitive (Wild-Type),None
ASY08067.1,Integrase,Sensitive (Wild-Type),None
AEI83214.1,Integrase,Sensitive (Wild-Type),None
AEI83213.1,Integrase,Sensitive (Wild-Type),None
AEI83211.1,Integrase,Sensitive (Wild-Type),None
AEI83210.1,Integrase,Sensitive (Wild-Type),None
AEI83209.1,Integrase,Sensitive (Wild-Type),None
AEI83208.1,Integrase,Sensitive (Wild-Type),None
AEI83207.1,Integrase,Sensitive (Wild-Type),None
AEI83206.1,Integrase,Sensitive (Wild-Type),None
AEI83205.1,Integrase,Sensitive (Wild-Type),None
AEI83204.1,Integrase,Sensitive (Wild-Type),None
AEI83203.1,Integrase,Sensitive (Wild-Type),None
ADR32354.1,Integrase,Sensitive (Wild-Type),None
ADQ26695.1,Integrase,Sensitive (Wild-Type),None
ADQ26694.1,Integrase,Sensitive (Wild-Type),None
ADQ26691.1,Integrase,Sensitive (Wild-Type),None
ADQ26689.1,Integrase,Sensitive (Wild-Type),None
ADF42988.1,Integrase,Sensitive (Wild-Type),None
ADF42987.1,Integrase,Sensitive (Wild-Type),None
ADF42986.1,Integrase,Sensitive (Wild-Type),None
ADF42985.1,Integrase,Sensitive (Wild-Type),None
ADF42984.1,Integrase,Sensitive (Wild-Type),None
ADF42983.1,Integrase,Sensitive (Wild-Type),None
ADF42982.1,Integrase,Sensitive (Wild-Type),None
ADF42981.1,Integrase,Sensitive (Wild-Type),None
ADF42980.1,Integrase,Sensitive (Wild-Type),None
ADF42979.1,Integrase,Sensitive (Wild-Type),None
ADF42978.1,Integrase,Sensitive (Wild-Type),None
ADF42977.1,Integrase,Sensitive (Wild-Type),None
ADF42976.1,Integrase,Sensitive (Wild-Type),None
ADF42975.1,Integrase,Sensitive (Wild-Type),None
ADF42974.1,Integrase,Sensitive (Wild-Type),None
ADF42973.1,Integrase,Sensitive (Wild-Type),None
ADF42972.1,Integrase,Sensitive (Wild-Type),None
ADF42971.1,Integrase,Sensitive (Wild-Type),None
ADF42970.1,Integrase,Sensitive (Wild-Type),None
ADF42969.1,Integrase,Sensitive (Wild-Type),None
ADF42968.1,Integrase,Sensitive (Wild-Type),None
ADF42967.1,Integrase,Sensitive (Wild-Type),None
ADF42966.1,Integrase,Sensitive (Wild-Type),None
ADF42965.1,Integrase,Sensitive (Wild-Type),None
ADF42964.1,Integrase,Sensitive (Wild-Type),None
ADF42963.1,Integrase,Sensitive (Wild-Type),None
ADF42962.1,Integrase,Sensitive (Wild-Type),None
ADF42961.1,Integrase,Sensitive (Wild-Type),None
ADF42960.1,Integrase,Sensitive (Wild-Type),None
ADF42959.1,Integrase,Sensitive (Wild-Type),None
ADF42958.1,Integrase,Sensitive (Wild-Type),None
ADF42957.1,Integrase,Sensitive (Wild-Type),None
ADF42956.1,Integrase,Sensitive (Wild-Type),None
ADF42955.1,Integrase,Sensitive (Wild-Type),None
ADF42954.1,Integrase,Sensitive (Wild-Type),None
ADF42953.1,Integrase,Sensitive (Wild-Type),None
ADF42952.1,Integrase,Sensitive (Wild-Type),None
ADF42951.1,Integrase,Sensitive (Wild-Type),None
ADF42950.1,Integrase,Sensitive (Wild-Type),None
ADF42949.1,Integrase,Sensitive (Wild-Type),None
ADF42948.1,Integrase,Sensitive (Wild-Type),None
ADF42947.1,Integrase,Sensitive (Wild-Type),None
ADF42946.1,Integrase,Sensitive (Wild-Type),None
ADF42945.1,Integrase,Sensitive (Wild-Type),None
ADF42944.1,Integrase,Sensitive (Wild-Type),None
ADF42943.1,Integrase,Sensitive (Wild-Type),None
ADF42942.1,Integrase,Sensitive (Wild-Type),None
ACP28488.1,Integrase,Sensitive (Wild-Type),None
ACP28487.1,Integrase,Sensitive (Wild-Type),None
ACP28486.1,Integrase,Sensitive (Wild-Type),None
ACP28485.1,Integrase,Sensitive (Wild-Type),None
ACP28484.1,Integrase,Sensitive (Wild-Type),None
ACP28483.1,Integrase,Sensitive (Wild-Type),None
ACP28482.1,Integrase,Sensitive (Wild-Type),None
ACP28481.1,Integrase,Sensitive (Wild-Type),None
ACP28480.1,Integrase,Sensitive (Wild-Type),None
ACP28479.1,Integrase,Sensitive (Wild-Type),None
ACP28478.1,Integrase,Sensitive (Wild-Type),None
ACP28477.1,Integrase,Sensitive (Wild-Type),None
ACP28476.1,Integrase,Sensitive (Wild-Type),None
ACP28475.1,Integrase,Sensitive (Wild-Type),None
ACP28474.1,Integrase,Sensitive (Wild-Type),None
ACP28473.1,Integrase,Sensitive (Wild-Type),None
ACP28472.1,Integrase,Sensitive (Wild-Type),None
ACP28471.1,Integrase,Sensitive (Wild-Type),None
ACP28470.1,Integrase,Sensitive (Wild-Type),None
ACP28469.1,Integrase,Sensitive (Wild-Type),None
ACP28468.1,Integrase,Sensitive (Wild-Type),None
ACP28467.1,Integrase,Sensitive (Wild-Type),None
ACP28466.1,Integrase,Sensitive (Wild-Type),None
ACP28465.1,Integrase,Sensitive (Wild-Type),None
ACP28464.1,Integrase,Sensitive (Wild-Type),None
ACP28463.1,Integrase,Sensitive (Wild-Type),None
ACP28462.1,Integrase,Sensitive (Wild-Type),None
ACP28461.1,Integrase,Sensitive (Wild-Type),None
ACP28460.1,Integrase,Sensitive (Wild-Type),None
ACP28459.1,Integrase,Sensitive (Wild-Type),None
ACP28458.1,Integrase,Sensitive (Wild-Type),None
ACP28457.1,Integrase,Sensitive (Wild-Type),None
ACP28456.1,Integrase,Sensitive (Wild-Type),None
ACP28455.1,Integrase,Sensitive (Wild-Type),None
ACP28454.1,Integrase,Sensitive (Wild-Type),None
ACP28453.1,Integrase,Sensitive (Wild-Type),None
ACP28452.1,Integrase,Sensitive (Wild-Type),None
ACP28451.1,Integrase,Sensitive (Wild-Type),None
ACP28450.1,Integrase,Sensitive (Wild-Type),None
ACP28449.1,Integrase,Sensitive (Wild-Type),None
ACP28448.1,Integrase,Sensitive (Wild-Type),None
ACP28447.1,Integrase,Sensitive (Wild-Type),None
ACP28446.1,Integrase,Sensitive (Wild-Type),None
ACP28445.1,Integrase,Sensitive (Wild-Type),None
ACP28444.1,Integrase,Sensitive (Wild-Type),None
ACP28443.1,Integrase,Sensitive (Wild-Type),None
ACP28442.1,Integrase,Sensitive (Wild-Type),None
ACP28441.1,Integrase,Sensitive (Wild-Type),None
ACP28440.1,Integrase,Sensitive (Wild-Type),None
ACP28439.1,Integrase,Sensitive (Wild-Type),None
ACP28438.1,Integrase,Sensitive (Wild-Type),None
ACP28437.1,Integrase,Sensitive (Wild-Type),None
ACP28436.1,Integrase,Sensitive (Wild-Type),None
ACP28435.1,Integrase,Sensitive (Wild-Type),None
ACP28434.1,Integrase,Sensitive (Wild-Type),None
ACP28433.1,Integrase,Sensitive (Wild-Type),None
ACP28432.1,Integrase,Sensitive (Wild-Type),None
ACP28431.1,Integrase,Sensitive (Wild-Type),None
ACP28430.1,Integrase,Sensitive (Wild-Type),None
ACP28429.1,Integrase,Sensitive (Wild-Type),None
ACP28428.1,Integrase,Sensitive (Wild-Type),None
ACP28427.1,Integrase,Sensitive (Wild-Type),None
ACP28426.1,Integrase,Sensitive (Wild-Type),None
ACP28425.1,Integrase,Sensitive (Wild-Type),None
ACP28424.1,Integrase,Sensitive (Wild-Type),None
ACP28423.1,Integrase,Sensitive (Wild-Type),None
ACP28422.1,Integrase,Sensitive (Wild-Type),None
ACP28421.1,Integrase,Sensitive (Wild-Type),None
ACP28420.1,Integrase,Sensitive (Wild-Type),None
ACP28419.1,Integrase,Sensitive (Wild-Type),None
ACP28418.1,Integrase,Sensitive (Wild-Type),None
ACP28417.1,Integrase,Sensitive (Wild-Type),None
ACP28416.1,Integrase,Sensitive (Wild-Type),None
ACP28415.1,Integrase,Sensitive (Wild-Type),None
ACP28414.1,Integrase,Sensitive (Wild-Type),None
ACP28413.1,Integrase,Sensitive (Wild-Type),None
ACP28412.1,Integrase,Sensitive (Wild-Type),None
ACP28411.1,Integrase,Sensitive (Wild-Type),None
ACP28410.1,Integrase,Sensitive (Wild-Type),None
ACP28409.1,Integrase,Sensitive (Wild-Type),None
ACP28408.1,Integrase,Sensitive (Wild-Type),None
ACP28407.1,Integrase,Sensitive (Wild-Type),None
ACP28406.1,Integrase,Sensitive (Wild-Type),None
ACP28405.1,Integrase,Sensitive (Wild-Type),None
ACP28404.1,Integrase,Sensitive (Wild-Type),None
ACP28403.1,Integrase,Sensitive (Wild-Type),None
ACP28402.1,Integrase,Sensitive (Wild-Type),None
ACP28401.1,Integrase,Sensitive (Wild-Type),None
ACP28400.1,Integrase,Sensitive (Wild-Type),None
ACP28399.1,Integrase,Sensitive (Wild-Type),None
ACP28398.1,Integrase,Sensitive (Wild-Type),None
ACP28397.1,Integrase,Sensitive (Wild-Type),None
ACP28396.1,Integrase,Sensitive (Wild-Type),None
ACP28395.1,Integrase,Sensitive (Wild-Type),None
ACP28394.1,Integrase,Sensitive (Wild-Type),None
ACP28393.1,Integrase,Sensitive (Wild-Type),None
ACP28392.1,Integrase,Sensitive (Wild-Type),None
ACP28391.1,Integrase,Sensitive (Wild-Type),None
ACP28390.1,Integrase,Sensitive (Wild-Type),None
ACP28389.1,Integrase,Sensitive (Wild-Type),None
ACP28388.1,Integrase,Sensitive (Wild-Type),None
ACP28387.1,Integrase,Sensitive (Wild-Type),None
ACP28386.1,Integrase,Sensitive (Wild-Type),None
ACP28385.1,Integrase,Sensitive (Wild-Type),None
ACP28384.1,Integrase,Sensitive (Wild-Type),None
ACP28383.1,Integrase,Sensitive (Wild-Type),None
ACP28382.1,Integrase,Sensitive (Wild-Type),None
ACP28381.1,Integrase,Sensitive (Wild-Type),None
ACP28380.1,Integrase,Sensitive (Wild-Type),None
ACP28379.1,Integrase,Sensitive (Wild-Type),None
ACP28378.1,Integrase,Sensitive (Wild-Type),None
ACP28377.1,Integrase,Sensitive (Wild-Type),None
ACP28376.1,Integrase,Sensitive (Wild-Type),None
ACP28375.1,Integrase,Sensitive (Wild-Type),None
ACP28374.1,Integrase,Sensitive (Wild-Type),None
ACP28373.1,Integrase,Sensitive (Wild-Type),None
ACP28372.1,Integrase,Sensitive (Wild-Type),None
ACP28371.1,Integrase,Sensitive (Wild-Type),None
ACP28370.1,Integrase,Sensitive (Wild-Type),None
ACP28369.1,Integrase,Sensitive (Wild-Type),None
ACP28368.1,Integrase,Sensitive (Wild-Type),None
ACP28367.1,Integrase,Sensitive (Wild-Type),None
ACP28366.1,Integrase,Sensitive (Wild-Type),None
ACP28365.1,Integrase,Sensitive (Wild-Type),None
ACP28364.1,Integrase,Sensitive (Wild-Type),None
ACP28363.1,Integrase,Sensitive (Wild-Type),None
ACP28362.1,Integrase,Sensitive (Wild-Type),None
ACP28361.1,Integrase,Sensitive (Wild-Type),None
ACP28360.1,Integrase,Sensitive (Wild-Type),None
ACP28359.1,Integrase,Sensitive (Wild-Type),None
ACP28358.1,Integrase,Sensitive (Wild-Type),None
ACP28357.1,Integrase,Sensitive (Wild-Type),None
ACP28356.1,Integrase,Sensitive (Wild-Type),None
ACP28355.1,Integrase,Sensitive (Wild-Type),None
ACP28354.1,Integrase,Sensitive (Wild-Type),None
ACP28353.1,Integrase,Sensitive (Wild-Type),None
ACP28352.1,Integrase,Sensitive (Wild-Type),None
ACP28351.1,Integrase,Sensitive (Wild-Type),None
ACP28350.1,Integrase,Sensitive (Wild-Type),None
ACP28349.1,Integrase,Sensitive (Wild-Type),None
ACP28348.1,Integrase,Sensitive (Wild-Type),None
ACP28347.1,Integrase,Sensitive (Wild-Type),None
ACP28346.1,Integrase,Sensitive (Wild-Type),None
ACP28345.1,Integrase,Sensitive (Wild-Type),None
ACP28344.1,Integrase,Sensitive (Wild-Type),None
ACP28343.1,Integrase,Sensitive (Wild-Type),None
ACP28342.1,Integrase,Sensitive (Wild-Type),None
ACP28341.1,Integrase,Sensitive (Wild-Type),None
ACP28340.1,Integrase,Sensitive (Wild-Type),None
ACP28339.1,Integrase,Sensitive (Wild-Type),None
ACP28338.1,Integrase,Sensitive (Wild-Type),None
ACP28337.1,Integrase,Sensitive (Wild-Type),None
ACP28336.1,Integrase,Sensitive (Wild-Type),None
ACP28335.1,Integrase,Sensitive (Wild-Type),None
ACP28334.1,Integrase,Sensitive (Wild-Type),None
ACP28333.1,Integrase,Sensitive (Wild-Type),None
ACP28332.1,Integrase,Sensitive (Wild-Type),None
ACP28331.1,Integrase,Sensitive (Wild-Type),None
ACP28330.1,Integrase,Sensitive (Wild-Type),None
ACP28329.1,Integrase,Sensitive (Wild-Type),None
ACP28328.1,Integrase,Sensitive (Wild-Type),None
ACP28327.1,Integrase,Sensitive (Wild-Type),None
ACP28326.1,Integrase,Sensitive (Wild-Type),None
ACP28325.1,Integrase,Sensitive (Wild-Type),None
ACP28324.1,Integrase,Sensitive (Wild-Type),None
ACP28323.1,Integrase,Sensitive (Wild-Type),None
ACP28322.1,Integrase,Sensitive (Wild-Type),None
ACP28321.1,Integrase,Sensitive (Wild-Type),None
ACP28320.1,Integrase,Sensitive (Wild-Type),None
ACP28319.1,Integrase,Sensitive (Wild-Type),None
ACP28318.1,Integrase,Sensitive (Wild-Type),None
ACP28317.1,Integrase,Sensitive (Wild-Type),None
ACP28316.1,Integrase,Sensitive (Wild-Type),None
ACP28315.1,Integrase,Sensitive (Wild-Type),None
ACP28314.1,Integrase,Sensitive (Wild-Type),None
ACP28313.1,Integrase,Sensitive (Wild-Type),None
ACP28312.1,Integrase,Sensitive (Wild-Type),None
ACP28311.1,Integrase,Sensitive (Wild-Type),None
ACP28310.1,Integrase,Sensitive (Wild-Type),None
ACP28309.1,Integrase,Sensitive (Wild-Type),None
ACP28308.1,Integrase,Sensitive (Wild-Type),None
ACP28307.1,Integrase,Sensitive (Wild-Type),None
ACP28306.1,Integrase,Sensitive (Wild-Type),None
ACP28305.1,Integrase,Sensitive (Wild-Type),None
ACP28304.1,Integrase,Sensitive (Wild-Type),None
ACP28303.1,Integrase,Sensitive (Wild-Type),None
ACP28302.1,Integrase,Sensitive (Wild-Type),None
ACP28301.1,Integrase,Sensitive (Wild-Type),None
ACP28300.1,Integrase,Sensitive (Wild-Type),None
ACP28299.1,Integrase,Sensitive (Wild-Type),None
ACP28298.1,Integrase,Sensitive (Wild-Type),None
ACP28297.1,Integrase,Sensitive (Wild-Type),None
ACP28296.1,Integrase,Sensitive (Wild-Type),None
ACP28295.1,Integrase,Sensitive (Wild-Type),None
ACP28294.1,Integrase,Sensitive (Wild-Type),None
ACP28293.1,Integrase,Sensitive (Wild-Type),None
ACP28292.1,Integrase,Sensitive (Wild-Type),None
ACP28291.1,Integrase,Sensitive (Wild-Type),None
ACP28290.1,Integrase,Sensitive (Wild-Type),None
ACP28289.1,Integrase,Sensitive (Wild-Type),None
ACP28288.1,Integrase,Sensitive (Wild-Type),None
ACP28287.1,Integrase,Sensitive (Wild-Type),None
ACP28286.1,Integrase,Sensitive (Wild-Type),None
ACP28285.1,Integrase,Sensitive (Wild-Type),None
ACP28284.1,Integrase,Sensitive (Wild-Type),None
ACP28283.1,Integrase,Sensitive (Wild-Type),None
ACP28282.1,Integrase,Sensitive (Wild-Type),None
ACP28281.1,Integrase,Sensitive (Wild-Type),None
ACP28280.1,Integrase,Sensitive (Wild-Type),None
ACP28279.1,Integrase,Sensitive (Wild-Type),None
ACP28278.1,Integrase,Sensitive (Wild-Type),None
ACP28277.1,Integrase,Sensitive (Wild-Type),None
ACP28276.1,Integrase,Sensitive (Wild-Type),None
ACP28275.1,Integrase,Sensitive (Wild-Type),None
ACP28274.1,Integrase,Sensitive (Wild-Type),None
ACO81763.1,Integrase,Sensitive (Wild-Type),None
ACO81762.1,Integrase,Sensitive (Wild-Type),None
ACO81761.1,Integrase,Sensitive (Wild-Type),None
ACO81760.1,Integrase,Sensitive (Wild-Type),None
ACO81759.1,Integrase,Sensitive (Wild-Type),None
AHW42477.1,Integrase,Sensitive (Wild-Type),None
AHI42130.1,Integrase,Sensitive (Wild-Type),None
AHI42129.1,Integrase,Sensitive (Wild-Type),None
AHI42128.1,Integrase,Sensitive (Wild-Type),None
AHI42127.1,Integrase,Sensitive (Wild-Type),None
AHI42126.1,Integrase,Sensitive (Wild-Type),None
AHI42125.1,Integrase,Sensitive (Wild-Type),None
AHI42124.1,Integrase,Sensitive (Wild-Type),None
AHI42123.1,Integrase,Sensitive (Wild-Type),None
AHI42122.1,Integrase,Sensitive (Wild-Type),None
AHI42121.1,Integrase,Sensitive (Wild-Type),None
AHI42120.1,Integrase,Sensitive (Wild-Type),None
AHI42119.1,Integrase,Sensitive (Wild-Type),None
AHI42118.1,Integrase,Sensitive (Wild-Type),None
AHI42117.1,Integrase,Sensitive (Wild-Type),None
AHI42116.1,Integrase,Sensitive (Wild-Type),None
AHI42115.1,Integrase,Sensitive (Wild-Type),None
AHI42114.1,Integrase,Sensitive (Wild-Type),None
AHI42113.1,Integrase,Sensitive (Wild-Type),None
AHI42112.1,Integrase,Sensitive (Wild-Type),None
AHI42111.1,Integrase,Sensitive (Wild-Type),None
AHI42110.1,Integrase,Sensitive (Wild-Type),None
AHI42109.1,Integrase,Sensitive (Wild-Type),None
AHI42108.1,Integrase,Sensitive (Wild-Type),None
AHI42107.1,Integrase,Sensitive (Wild-Type),None
AHI42106.1,Integrase,Sensitive (Wild-Type),None
AHI42105.1,Integrase,Sensitive (Wild-Type),None
AHI42104.1,Integrase,Sensitive (Wild-Type),None
AHI42103.1,Integrase,Sensitive (Wild-Type),None
AHI42102.1,Integrase,Sensitive (Wild-Type),None
AHI42101.1,Integrase,Sensitive (Wild-Type),None
AHI42100.1,Integrase,Sensitive (Wild-Type),None
AHI42099.1,Integrase,Sensitive (Wild-Type),None
AHI42098.1,Integrase,Sensitive (Wild-Type),None
AHI42097.1,Integrase,Sensitive (Wild-Type),None
AHI42096.1,Integrase,Sensitive (Wild-Type),None
AHI42095.1,Integrase,Sensitive (Wild-Type),None
AHI42094.1,Integrase,Sensitive (Wild-Type),None
AHI42093.1,Integrase,Sensitive (Wild-Type),None
AHI42092.1,Integrase,Sensitive (Wild-Type),None
AHI42091.1,Integrase,Sensitive (Wild-Type),None
AHI42090.1,Integrase,Sensitive (Wild-Type),None
AHI42089.1,Integrase,Sensitive (Wild-Type),None
AHI42088.1,Integrase,Sensitive (Wild-Type),None
AHI42087.1,Integrase,Sensitive (Wild-Type),None
AHI42086.1,Integrase,Sensitive (Wild-Type),None
AHI42085.1,Integrase,Sensitive (Wild-Type),None
AHI42084.1,Integrase,Sensitive (Wild-Type),None
AHI42083.1,Integrase,Sensitive (Wild-Type),None
AHI42082.1,Integrase,Sensitive (Wild-Type),None
AHI42081.1,Integrase,Sensitive (Wild-Type),None
AHI42080.1,Integrase,Sensitive (Wild-Type),None
AHI42079.1,Integrase,Sensitive (Wild-Type),None
AHI42078.1,Integrase,Sensitive (Wild-Type),None
AHI42077.1,Integrase,Sensitive (Wild-Type),None
AHI42076.1,Integrase,Sensitive (Wild-Type),None
AHI42075.1,Integrase,Sensitive (Wild-Type),None
AHI42074.1,Integrase,Sensitive (Wild-Type),None
AHI42073.1,Integrase,Sensitive (Wild-Type),None
AHI42072.1,Integrase,Sensitive (Wild-Type),None
AHI42071.1,Integrase,Sensitive (Wild-Type),None
AHI42070.1,Integrase,Sensitive (Wild-Type),None
AHI42069.1,Integrase,Sensitive (Wild-Type),None
AHI42068.1,Integrase,Sensitive (Wild-Type),None
AHI42067.1,Integrase,Sensitive (Wild-Type),None
AHI42066.1,Integrase,Sensitive (Wild-Type),None
AHI42065.1,Integrase,Sensitive (Wild-Type),None
AHI42064.1,Integrase,Sensitive (Wild-Type),None
AHI42063.1,Integrase,Sensitive (Wild-Type),None
AHI42062.1,Integrase,Sensitive (Wild-Type),None
AHI42061.1,Integrase,Sensitive (Wild-Type),None
AHI42060.1,Integrase,Sensitive (Wild-Type),None
AHI42059.1,Integrase,Sensitive (Wild-Type),None
AHI42058.1,Integrase,Sensitive (Wild-Type),None
AGP05175.1,Integrase,Sensitive (Wild-Type),None
AGP05173.1,Integrase,Sensitive (Wild-Type),None
AGP05169.1,Integrase,Sensitive (Wild-Type),None
AGP05167.1,Integrase,Sensitive (Wild-Type),None
AGP05165.1,Integrase,Sensitive (Wild-Type),None
