Mutation,Drug,Score,Type
V47A,LPV,60,Major
I50V,LPV,60,Major
I50V,DRV,60,Major
I54M,LPV,60,Major
I54M,SQV,60,Major
I54M,DRV,30,Major
L76V,DRV,60,Major
I82F,LPV,60,Major
I84V,DRV,60,Major
L90M,SQV,60,Major
L90M,LPV,30,Major
I47A,All,60,Major
V32I,DRV,15,Minor
V32I,LPV,15,Minor
M46I,IDV,15,Minor
M46L,LPV,15,Minor
I54L,LPV,30,Minor
T56V,LPV,30,Minor
V82A,IDV,30,Minor
A71V,All,10,Minor
L99F,All,10,Minor
L57K,All,5,Polymorphism
C97M,All,5,Polymorphism
T98S,All,5,Polymorphism
G94A,All,5,Polymorphism
N40S,All,5,Polymorphism
F101L,All,5,Polymorphism
K70R,All,5,Polymorphism
Y14H,All,5,Polymorphism
E65K,All,5,Polymorphism
N68G,All,5,Polymorphism
S43T,All,5,Polymorphism
F101P,All,5,Polymorphism
K7R,All,2,Polymorphism
L67V,All,2,Polymorphism
N41D,All,2,Polymorphism
V71I,All,2,Polymorphism
K93N,All,2,Polymorphism
G94T,All,2,Polymorphism
N61D,All,2,Polymorphism
G17D,All,2,Polymorphism
